{"cameraMode":{"drawMode":0,"name":"Shaded","section":"Shading Mode"},"sceneLighting":false,"audioPlay":false,"sceneViewState":{"m_AlwaysRefresh":false,"showFog":true,"showSkybox":true,"showFlares":true,"showImageEffects":true,"showParticleSystems":true,"showVisualEffectGraphs":true,"m_FxEnabled":true},"in2DMode":false,"pivot":{"x":135.1861114501953,"y":-0.46362900733947756,"z":0.03577655553817749},"rotation":{"x":0.11481144279241562,"y":-0.8847277164459229,"z":0.3036331236362457,"w":0.3345251977443695},"size":2.8518784046173097,"orthographic":false}